Priority,Celebrity ID,Name,Movie Count,Status,Issue,Suggested Wikipedia URL,Action Required
"LOW","d5045b23-8427-4866-a2be-55743c370b54","Srikanth",0,"disambig_needed","Disambiguation page - needs (actor)/(actress)/(director) suffix","https://en.wikipedia.org/wiki/Srikanth","Add (actor)/(actress)/(director) to URL"
"LOW","db380131-e880-4b5c-a0bd-33e9e3fdb392","Teja",0,"disambig_needed","Disambiguation page - needs (actor)/(actress)/(director) suffix","https://en.wikipedia.org/wiki/Teja","Add (actor)/(actress)/(director) to URL"
"LOW","51ce4504-50d2-45bc-8eaa-1e67cea10812","Ravi Teja",0,"disambig_needed","Disambiguation page - needs (actor)/(actress)/(director) suffix","https://en.wikipedia.org/wiki/Ravi_Teja","Add (actor)/(actress)/(director) to URL"
"LOW","d6c9a466-cd85-4d15-8ba3-dd545259fb30","Bhaskar",0,"disambig_needed","Disambiguation page - needs (actor)/(actress)/(director) suffix","https://en.wikipedia.org/wiki/Bhaskar","Add (actor)/(actress)/(director) to URL"
"LOW","efb3d1b5-e094-426c-9a3c-fcad85f7e5c7","Nani",0,"disambig_needed","Disambiguation page - needs (actor)/(actress)/(director) suffix","https://en.wikipedia.org/wiki/Nani","Add (actor)/(actress)/(director) to URL"
"LOW","9be067b1-ac2f-4377-9d54-8b2567135b77","Krishna",0,"disambig_needed","Disambiguation page - needs (actor)/(actress)/(director) suffix","https://en.wikipedia.org/wiki/Krishna","Add (actor)/(actress)/(director) to URL"
"LOW","f7a572c4-8061-4dfe-9fdc-71d2c2a6fb17","Krishna Kumari",0,"disambig_needed","Disambiguation page - needs (actor)/(actress)/(director) suffix","https://en.wikipedia.org/wiki/Krishna_Kumari","Add (actor)/(actress)/(director) to URL"
"LOW","daf7dc6e-c045-4f9b-b9e7-5233655e3393","K",0,"disambig_needed","Disambiguation page - needs (actor)/(actress)/(director) suffix","https://en.wikipedia.org/wiki/K","Add (actor)/(actress)/(director) to URL"
"LOW","bdd4f448-1c3c-4ced-9641-c80c76de6009","Rajendra Prasad",0,"disambig_needed","Disambiguation page - needs (actor)/(actress)/(director) suffix","https://en.wikipedia.org/wiki/Rajendra_Prasad","Add (actor)/(actress)/(director) to URL"
"LOW","d7dfcf0b-d81e-4507-a827-51e4174a20b3","Rohit",0,"disambig_needed","Disambiguation page - needs (actor)/(actress)/(director) suffix","https://en.wikipedia.org/wiki/Rohit","Add (actor)/(actress)/(director) to URL"
"LOW","98e1d48e-717c-44ff-beda-210a6ccfe700","Raja",0,"disambig_needed","Disambiguation page - needs (actor)/(actress)/(director) suffix","https://en.wikipedia.org/wiki/Raja","Add (actor)/(actress)/(director) to URL"
"LOW","b7a7c9a1-5fb6-4a89-9812-6f29e1be7ca6","Meena",0,"disambig_needed","Disambiguation page - needs (actor)/(actress)/(director) suffix","https://en.wikipedia.org/wiki/Meena","Add (actor)/(actress)/(director) to URL"
"LOW","d6e855cd-0052-4bbb-8edb-9474ef269a7d","Ajay",0,"disambig_needed","Disambiguation page - needs (actor)/(actress)/(director) suffix","https://en.wikipedia.org/wiki/Ajay","Add (actor)/(actress)/(director) to URL"
"LOW","ded26c27-8ac9-4b1c-8c4d-b47af81f285a","Sridevi",0,"disambig_needed","Disambiguation page - needs (actor)/(actress)/(director) suffix","https://en.wikipedia.org/wiki/Sridevi","Add (actor)/(actress)/(director) to URL"
"LOW","dc4de1c4-cf30-446f-bd52-cf0ba5db73b0","Madhavi",0,"disambig_needed","Disambiguation page - needs (actor)/(actress)/(director) suffix","https://en.wikipedia.org/wiki/Madhavi","Add (actor)/(actress)/(director) to URL"
"LOW","3ad49413-6108-4a24-bd28-eda241ac7245","Nandamuri Balakrishna",0,"disambig_needed","Disambiguation page - needs (actor)/(actress)/(director) suffix","https://en.wikipedia.org/wiki/Nandamuri_Balakrishna","Add (actor)/(actress)/(director) to URL"
"LOW","fa67cbeb-adcc-49e1-9418-77e29ddc0aac","Allu",0,"disambig_needed","Disambiguation page - needs (actor)/(actress)/(director) suffix","https://en.wikipedia.org/wiki/Allu","Add (actor)/(actress)/(director) to URL"
"LOW","92bb4993-399d-4649-a695-fee27ec2ce55","Simran",0,"disambig_needed","Disambiguation page - needs (actor)/(actress)/(director) suffix","https://en.wikipedia.org/wiki/Simran","Add (actor)/(actress)/(director) to URL"
"LOW","2f114413-4da7-4620-8268-131f25ccc599","Arjun",0,"disambig_needed","Disambiguation page - needs (actor)/(actress)/(director) suffix","https://en.wikipedia.org/wiki/Arjun","Add (actor)/(actress)/(director) to URL"
"LOW","ae01e5b2-7220-48c6-b2f9-66d4c21be4ba","Vishnu",0,"disambig_needed","Disambiguation page - needs (actor)/(actress)/(director) suffix","https://en.wikipedia.org/wiki/Vishnu","Add (actor)/(actress)/(director) to URL"
"LOW","39032b87-5b87-46f2-80d4-e5d8e33ab798","Siva",0,"disambig_needed","Disambiguation page - needs (actor)/(actress)/(director) suffix","https://en.wikipedia.org/wiki/Siva","Add (actor)/(actress)/(director) to URL"
"LOW","651bdc5e-6b8e-48b9-801a-4ae5a5064ade","Bapu",0,"disambig_needed","Disambiguation page - needs (actor)/(actress)/(director) suffix","https://en.wikipedia.org/wiki/Bapu","Add (actor)/(actress)/(director) to URL"
"LOW","9931d08c-55c1-41b0-b646-ed45d3ad7572","Suhas",0,"disambig_needed","Disambiguation page - needs (actor)/(actress)/(director) suffix","https://en.wikipedia.org/wiki/Suhas","Add (actor)/(actress)/(director) to URL"
"LOW","1c01255a-ae10-4035-8ec7-22f485487955","B",0,"disambig_needed","Disambiguation page - needs (actor)/(actress)/(director) suffix","https://en.wikipedia.org/wiki/B","Add (actor)/(actress)/(director) to URL"
"LOW","a5cff200-ecc6-4355-b6d0-65d76117008c","Sarath",0,"disambig_needed","Disambiguation page - needs (actor)/(actress)/(director) suffix","https://en.wikipedia.org/wiki/Sarath","Add (actor)/(actress)/(director) to URL"
"LOW","7b4239ee-a744-4591-9b04-4e8609627e7b","Chandra Mohan",0,"disambig_needed","Disambiguation page - needs (actor)/(actress)/(director) suffix","https://en.wikipedia.org/wiki/Chandra_Mohan","Add (actor)/(actress)/(director) to URL"
"LOW","b007a33c-642f-4f0c-95b1-82e578f63205","Rajinikanth",0,"disambig_needed","Disambiguation page - needs (actor)/(actress)/(director) suffix","https://en.wikipedia.org/wiki/Rajinikanth","Add (actor)/(actress)/(director) to URL"
"LOW","6466142a-6557-4489-bfd8-d354654fc3a2","Sharada",0,"disambig_needed","Disambiguation page - needs (actor)/(actress)/(director) suffix","https://en.wikipedia.org/wiki/Sharada","Add (actor)/(actress)/(director) to URL"
"LOW","68dfa96d-1d00-43f6-81bc-c871bc84e209","Satyanarayana",0,"disambig_needed","Disambiguation page - needs (actor)/(actress)/(director) suffix","https://en.wikipedia.org/wiki/Satyanarayana","Add (actor)/(actress)/(director) to URL"
"LOW","5bf29d5a-9e10-4ffd-99e7-7b1a3f652c02","Sukumar",0,"disambig_needed","Disambiguation page - needs (actor)/(actress)/(director) suffix","https://en.wikipedia.org/wiki/Sukumar","Add (actor)/(actress)/(director) to URL"
"LOW","58936790-e107-4b42-90f9-ce0b1adf6c59","Gopichand",0,"disambig_needed","Disambiguation page - needs (actor)/(actress)/(director) suffix","https://en.wikipedia.org/wiki/Gopichand","Add (actor)/(actress)/(director) to URL"
"LOW","fce9c855-cc88-46b9-a97f-1c792aa1c391","Naresh",0,"disambig_needed","Disambiguation page - needs (actor)/(actress)/(director) suffix","https://en.wikipedia.org/wiki/Naresh","Add (actor)/(actress)/(director) to URL"
"LOW","add5a5e8-b134-40bc-ad2a-8b4bdae51ce8","Trisha",0,"disambig_needed","Disambiguation page - needs (actor)/(actress)/(director) suffix","https://en.wikipedia.org/wiki/Trisha","Add (actor)/(actress)/(director) to URL"
"LOW","9f8dab33-de2a-4cc9-93a9-ba05548f44bc","Vamsy",0,"disambig_needed","Disambiguation page - needs (actor)/(actress)/(director) suffix","https://en.wikipedia.org/wiki/Vamsy","Add (actor)/(actress)/(director) to URL"
"LOW","a19d62c4-0ba4-4793-a5ea-6fd666348882","Vikram",0,"disambig_needed","Disambiguation page - needs (actor)/(actress)/(director) suffix","https://en.wikipedia.org/wiki/Vikram","Add (actor)/(actress)/(director) to URL"
"LOW","d5a51be5-5070-48e1-9036-7086d875e496","Raasi",0,"disambig_needed","Disambiguation page - needs (actor)/(actress)/(director) suffix","https://en.wikipedia.org/wiki/Raasi","Add (actor)/(actress)/(director) to URL"
"LOW","bd9e9bd1-6eba-40ea-a7ab-1eedebb46ba6","Sneha",0,"disambig_needed","Disambiguation page - needs (actor)/(actress)/(director) suffix","https://en.wikipedia.org/wiki/Sneha","Add (actor)/(actress)/(director) to URL"
"LOW","e756e016-7d19-4e93-8be8-7a036babec14","Ramakrishna",0,"disambig_needed","Disambiguation page - needs (actor)/(actress)/(director) suffix","https://en.wikipedia.org/wiki/Ramakrishna","Add (actor)/(actress)/(director) to URL"
"LOW","b89cc71e-0cea-4446-ada4-ba6852e48f50","Bhanumathi",0,"disambig_needed","Disambiguation page - needs (actor)/(actress)/(director) suffix","https://en.wikipedia.org/wiki/Bhanumathi","Add (actor)/(actress)/(director) to URL"
"LOW","ccbd177b-7b5d-4ee7-b1b8-6c81e1bf0a34","Soundarya",0,"disambig_needed","Disambiguation page - needs (actor)/(actress)/(director) suffix","https://en.wikipedia.org/wiki/Soundarya","Add (actor)/(actress)/(director) to URL"
"LOW","232289ed-c353-451a-b977-72d85042e629","Latha",0,"disambig_needed","Disambiguation page - needs (actor)/(actress)/(director) suffix","https://en.wikipedia.org/wiki/Latha","Add (actor)/(actress)/(director) to URL"
"LOW","96b036df-313a-4bd0-b472-1fb35b57b21c","Samantha",0,"disambig_needed","Disambiguation page - needs (actor)/(actress)/(director) suffix","https://en.wikipedia.org/wiki/Samantha","Add (actor)/(actress)/(director) to URL"
"LOW","12b87c86-28ed-46bb-bf16-d5e274000982","Nayanthara",0,"disambig_needed","Disambiguation page - needs (actor)/(actress)/(director) suffix","https://en.wikipedia.org/wiki/Nayanthara","Add (actor)/(actress)/(director) to URL"
"LOW","2498ba80-af97-4cfd-8e03-d031d6b87191","Suman",0,"disambig_needed","Disambiguation page - needs (actor)/(actress)/(director) suffix","https://en.wikipedia.org/wiki/Suman","Add (actor)/(actress)/(director) to URL"
"LOW","84fdd97a-8829-45dd-aba6-bbf2b507ece0","Prabhas",0,"disambig_needed","Disambiguation page - needs (actor)/(actress)/(director) suffix","https://en.wikipedia.org/wiki/Prabhas","Add (actor)/(actress)/(director) to URL"
"LOW","fba63e11-4734-4978-9b91-dbc283e44e97","Chiranjeevi",0,"disambig_needed","Disambiguation page - needs (actor)/(actress)/(director) suffix","https://en.wikipedia.org/wiki/Chiranjeevi","Add (actor)/(actress)/(director) to URL"
"LOW","2d16ec3e-c01f-4cb6-9da3-216db7bdfe1e","Roja",0,"disambig_needed","Disambiguation page - needs (actor)/(actress)/(director) suffix","https://en.wikipedia.org/wiki/Roja","Add (actor)/(actress)/(director) to URL"
"LOW","4b60e07d-29d9-43bc-ac6c-7ca009490bba","Jamuna",0,"disambig_needed","Disambiguation page - needs (actor)/(actress)/(director) suffix","https://en.wikipedia.org/wiki/Jamuna","Add (actor)/(actress)/(director) to URL"
"LOW","2cffc92c-3c92-4aca-9278-ecac6adc1d94","Amala",0,"disambig_needed","Disambiguation page - needs (actor)/(actress)/(director) suffix","https://en.wikipedia.org/wiki/Amala","Add (actor)/(actress)/(director) to URL"
"LOW","d13dbde6-b9fe-489d-ab56-e6138b022077","Savitri",0,"disambig_needed","Disambiguation page - needs (actor)/(actress)/(director) suffix","https://en.wikipedia.org/wiki/Savitri","Add (actor)/(actress)/(director) to URL"
"LOW","1c934631-a35a-4a3f-9c38-a70a7964b130","Tarun",0,"disambig_needed","Disambiguation page - needs (actor)/(actress)/(director) suffix","https://en.wikipedia.org/wiki/Tarun","Add (actor)/(actress)/(director) to URL"
"LOW","9124d7c0-72fd-4f21-ab80-8a35fe1d2d83","Rajasekhar",0,"disambig_needed","Disambiguation page - needs (actor)/(actress)/(director) suffix","https://en.wikipedia.org/wiki/Rajasekhar","Add (actor)/(actress)/(director) to URL"
"LOW","705b822f-216f-486e-964f-24109b906846","Anjali",0,"disambig_needed","Disambiguation page - needs (actor)/(actress)/(director) suffix","https://en.wikipedia.org/wiki/Anjali","Add (actor)/(actress)/(director) to URL"
"LOW","f476c584-c5f2-415c-bb6a-9267e823870e","Lakshmi",0,"disambig_needed","Disambiguation page - needs (actor)/(actress)/(director) suffix","https://en.wikipedia.org/wiki/Lakshmi","Add (actor)/(actress)/(director) to URL"
"LOW","5c7b187a-ced1-43a8-9a3b-c1a8585c35af","Suhasini",0,"disambig_needed","Disambiguation page - needs (actor)/(actress)/(director) suffix","https://en.wikipedia.org/wiki/Suhasini","Add (actor)/(actress)/(director) to URL"
"LOW","ed8993d1-8fe9-4d55-9983-e604e9872e08","Siddharth",0,"disambig_needed","Disambiguation page - needs (actor)/(actress)/(director) suffix","https://en.wikipedia.org/wiki/Siddharth","Add (actor)/(actress)/(director) to URL"
"LOW","4287391f-f22b-454d-9d04-f41951af6cfe","Ali",0,"disambig_needed","Disambiguation page - needs (actor)/(actress)/(director) suffix","https://en.wikipedia.org/wiki/Ali","Add (actor)/(actress)/(director) to URL"
"LOW","4b95ca0d-2e27-44a2-bac8-124caca0513c","Radha",0,"disambig_needed","Disambiguation page - needs (actor)/(actress)/(director) suffix","https://en.wikipedia.org/wiki/Radha","Add (actor)/(actress)/(director) to URL"
"LOW","08a4e8a4-8d99-4508-bfe0-e6d377bc4906","Ram",0,"disambig_needed","Disambiguation page - needs (actor)/(actress)/(director) suffix","https://en.wikipedia.org/wiki/Ram","Add (actor)/(actress)/(director) to URL"
"LOW","bd844067-63a6-4ae3-947d-301fc42977fc","Kanchana",0,"disambig_needed","Disambiguation page - needs (actor)/(actress)/(director) suffix","https://en.wikipedia.org/wiki/Kanchana","Add (actor)/(actress)/(director) to URL"
"LOW","3eb313ba-73b2-47ae-997e-1617cebcd95d","Karthik",0,"disambig_needed","Disambiguation page - needs (actor)/(actress)/(director) suffix","https://en.wikipedia.org/wiki/Karthik","Add (actor)/(actress)/(director) to URL"
"LOW","f70643d8-158d-4cf4-97ee-43ec49f3647a","Rambha",0,"disambig_needed","Disambiguation page - needs (actor)/(actress)/(director) suffix","https://en.wikipedia.org/wiki/Rambha","Add (actor)/(actress)/(director) to URL"
"LOW","a526cd38-7a84-44f6-b515-b9320484ad2e","Trisha Krishnan",0,"disambig_needed","Disambiguation page - needs (actor)/(actress)/(director) suffix","https://en.wikipedia.org/wiki/Trisha_Krishnan","Add (actor)/(actress)/(director) to URL"
"LOW","5e9bdc8d-63f8-4007-93dc-e03824a243cf","N.T. Rama Rao Jr.",0,"disambig_needed","Disambiguation page - needs (actor)/(actress)/(director) suffix","https://en.wikipedia.org/wiki/N._T._Rama_Rao_Jr.","Add (actor)/(actress)/(director) to URL"
"LOW","8080141d-96d1-4f39-8b78-602b5eb7c284","Geetha",0,"disambig_needed","Disambiguation page - needs (actor)/(actress)/(director) suffix","https://en.wikipedia.org/wiki/Geetha","Add (actor)/(actress)/(director) to URL"
"LOW","d9d8348b-6e2c-4545-a71d-1aa3db514b27","Sarath Babu",0,"disambig_needed","Disambiguation page - needs (actor)/(actress)/(director) suffix","https://en.wikipedia.org/wiki/Sarath_Babu","Add (actor)/(actress)/(director) to URL"
"LOW","fb082c8c-af23-4c11-ae8e-ac622861ea49","Sagar",0,"disambig_needed","Disambiguation page - needs (actor)/(actress)/(director) suffix","https://en.wikipedia.org/wiki/Sagar","Add (actor)/(actress)/(director) to URL"
"LOW","9a5cec2c-7f45-476f-8dc2-c17329fd0550","P. Sambasiva Rao",0,"not_found","Wikipedia page not found - may need alternate name/spelling","https://en.wikipedia.org/wiki/P._Sambasiva_Rao","Find correct Wikipedia name/spelling"
"LOW","b12e4bb5-741b-43cf-bb50-978848a781a4","Mouli",0,"disambig_needed","Disambiguation page - needs (actor)/(actress)/(director) suffix","https://en.wikipedia.org/wiki/Mouli","Add (actor)/(actress)/(director) to URL"
"LOW","d541ff95-fc21-4840-a763-3075931dedcd","P. Chandrasekhara Reddy",0,"not_found","Wikipedia page not found - may need alternate name/spelling","https://en.wikipedia.org/wiki/P._Chandrasekhara_Reddy","Find correct Wikipedia name/spelling"
"LOW","c95c9f1e-f0dd-453c-b794-56f7d506b457","Rajani",0,"disambig_needed","Disambiguation page - needs (actor)/(actress)/(director) suffix","https://en.wikipedia.org/wiki/Rajani","Add (actor)/(actress)/(director) to URL"
"LOW","89c96b26-0714-4066-a5cb-1b8cc916af5a","K. Bapayya",0,"disambig_needed","Disambiguation page - needs (actor)/(actress)/(director) suffix","https://en.wikipedia.org/wiki/K._Bapayya","Add (actor)/(actress)/(director) to URL"
"LOW","b0f8fb89-47b1-4311-a1fd-c863e4a268aa","Vineeth",0,"disambig_needed","Disambiguation page - needs (actor)/(actress)/(director) suffix","https://en.wikipedia.org/wiki/Vineeth","Add (actor)/(actress)/(director) to URL"
"LOW","1741f482-6164-4a21-8346-a936ade8130f","Manjula",0,"disambig_needed","Disambiguation page - needs (actor)/(actress)/(director) suffix","https://en.wikipedia.org/wiki/Manjula","Add (actor)/(actress)/(director) to URL"
"LOW","a6215fa5-680b-4b0b-afcd-0e43accadbea","K.S.R. Das",0,"not_found","Wikipedia page not found - may need alternate name/spelling","https://en.wikipedia.org/wiki/K.S.R._Das","Find correct Wikipedia name/spelling"
"LOW","c7332687-3057-4ebf-9c53-7fb84b245923","Sada",0,"disambig_needed","Disambiguation page - needs (actor)/(actress)/(director) suffix","https://en.wikipedia.org/wiki/Sada","Add (actor)/(actress)/(director) to URL"
"LOW","c293135b-e402-4667-ad0a-280f44a04910","Janaki",0,"disambig_needed","Disambiguation page - needs (actor)/(actress)/(director) suffix","https://en.wikipedia.org/wiki/Janaki","Add (actor)/(actress)/(director) to URL"
"LOW","9707a13f-93f0-41ed-bb01-d3f0bc044ea6","Sujatha",0,"disambig_needed","Disambiguation page - needs (actor)/(actress)/(director) suffix","https://en.wikipedia.org/wiki/Sujatha","Add (actor)/(actress)/(director) to URL"
"LOW","bcab4d14-1bdd-478f-9e3d-c0ee7aa8d388","Poornima",0,"disambig_needed","Disambiguation page - needs (actor)/(actress)/(director) suffix","https://en.wikipedia.org/wiki/Poornima","Add (actor)/(actress)/(director) to URL"
"LOW","f95cc889-6f99-491d-97df-744fd668197f","Tabu",0,"disambig_needed","Disambiguation page - needs (actor)/(actress)/(director) suffix","https://en.wikipedia.org/wiki/Tabu","Add (actor)/(actress)/(director) to URL"
"LOW","714c98de-d98a-4bf5-81ca-5d3f685c26ff","Gummadi",0,"disambig_needed","Disambiguation page - needs (actor)/(actress)/(director) suffix","https://en.wikipedia.org/wiki/Gummadi","Add (actor)/(actress)/(director) to URL"
"LOW","bd03d4e0-7ac8-46d0-be57-956c3fc0f048","Aadi",0,"disambig_needed","Disambiguation page - needs (actor)/(actress)/(director) suffix","https://en.wikipedia.org/wiki/Aadi","Add (actor)/(actress)/(director) to URL"
"LOW","b1ea7116-8403-4044-a23c-84edcb963146","Abbas",0,"disambig_needed","Disambiguation page - needs (actor)/(actress)/(director) suffix","https://en.wikipedia.org/wiki/Abbas","Add (actor)/(actress)/(director) to URL"
"LOW","2d95e0a9-5623-442a-8d56-6d4cf96b5cb9","Ntr",0,"disambig_needed","Disambiguation page - needs (actor)/(actress)/(director) suffix","https://en.wikipedia.org/wiki/Ntr","Add (actor)/(actress)/(director) to URL"
"LOW","643e770e-6b92-4809-8309-1775ea11af6f","Rekha",0,"disambig_needed","Disambiguation page - needs (actor)/(actress)/(director) suffix","https://en.wikipedia.org/wiki/Rekha","Add (actor)/(actress)/(director) to URL"
"LOW","5ace7eda-ca6b-4f66-a7c8-69726b5f4850","M. Mallikarjuna Rao",0,"not_found","Wikipedia page not found - may need alternate name/spelling","https://en.wikipedia.org/wiki/M._Mallikarjuna_Rao","Find correct Wikipedia name/spelling"
"LOW","bfa022b9-e971-4cda-89bf-23fc3afecf23","Veera",0,"disambig_needed","Disambiguation page - needs (actor)/(actress)/(director) suffix","https://en.wikipedia.org/wiki/Veera","Add (actor)/(actress)/(director) to URL"
"LOW","9877433a-4cfb-42dc-ad11-3949246282c9","Ram Charan",0,"disambig_needed","Disambiguation page - needs (actor)/(actress)/(director) suffix","https://en.wikipedia.org/wiki/Ram_Charan","Add (actor)/(actress)/(director) to URL"
"LOW","7b5f9f0b-1fbe-4fdf-887c-5ae37a8842e6","Bhavana",0,"disambig_needed","Disambiguation page - needs (actor)/(actress)/(director) suffix","https://en.wikipedia.org/wiki/Bhavana","Add (actor)/(actress)/(director) to URL"
"LOW","821e947e-cbdb-4c8c-81c6-3b87d2a33f26","Revathi",0,"disambig_needed","Disambiguation page - needs (actor)/(actress)/(director) suffix","https://en.wikipedia.org/wiki/Revathi","Add (actor)/(actress)/(director) to URL"
"LOW","9997815d-971d-4218-b8a4-e505b79f97c9","Nagma",0,"disambig_needed","Disambiguation page - needs (actor)/(actress)/(director) suffix","https://en.wikipedia.org/wiki/Nagma","Add (actor)/(actress)/(director) to URL"
"LOW","7231547e-f604-4b4f-9ff7-61afb68bea75","Neelakanta",0,"disambig_needed","Disambiguation page - needs (actor)/(actress)/(director) suffix","https://en.wikipedia.org/wiki/Neelakanta","Add (actor)/(actress)/(director) to URL"
"LOW","c08f1e86-148b-4261-a403-e0dd3dbbd217","S. D. Lal",0,"not_found","Wikipedia page not found - may need alternate name/spelling","https://en.wikipedia.org/wiki/S._D._Lal","Find correct Wikipedia name/spelling"
"LOW","a4282e8a-e09f-48e9-a982-6f68c4f784c7","Kalyani",0,"disambig_needed","Disambiguation page - needs (actor)/(actress)/(director) suffix","https://en.wikipedia.org/wiki/Kalyani","Add (actor)/(actress)/(director) to URL"
"LOW","c4421d93-fc48-4478-87dd-7d92e52addcf","Nandu",0,"disambig_needed","Disambiguation page - needs (actor)/(actress)/(director) suffix","https://en.wikipedia.org/wiki/Nandu","Add (actor)/(actress)/(director) to URL"
"LOW","a014b39b-a483-4558-ad2b-6072fa0f1b44","Haranath",0,"disambig_needed","Disambiguation page - needs (actor)/(actress)/(director) suffix","https://en.wikipedia.org/wiki/Haranath","Add (actor)/(actress)/(director) to URL"
"LOW","61eee5cb-e4d7-4896-b0fa-984420b35f48","Poorna",0,"disambig_needed","Disambiguation page - needs (actor)/(actress)/(director) suffix","https://en.wikipedia.org/wiki/Poorna","Add (actor)/(actress)/(director) to URL"
"LOW","ed8eaf85-c71d-4dbe-afc5-1bd0d66d7f79","Jayanthi",0,"disambig_needed","Disambiguation page - needs (actor)/(actress)/(director) suffix","https://en.wikipedia.org/wiki/Jayanthi","Add (actor)/(actress)/(director) to URL"
"LOW","0584ecd1-d1b0-4171-9df2-d8123e00dd3e","Archana",0,"disambig_needed","Disambiguation page - needs (actor)/(actress)/(director) suffix","https://en.wikipedia.org/wiki/Archana","Add (actor)/(actress)/(director) to URL"
"LOW","10726a73-8d97-41f1-8dbf-f3b5df94aeac","Sai Kumar",0,"disambig_needed","Disambiguation page - needs (actor)/(actress)/(director) suffix","https://en.wikipedia.org/wiki/Sai_Kumar","Add (actor)/(actress)/(director) to URL"
"LOW","78800c0b-6a24-4b65-be8d-abb948158c34","Jeeva",0,"disambig_needed","Disambiguation page - needs (actor)/(actress)/(director) suffix","https://en.wikipedia.org/wiki/Jeeva","Add (actor)/(actress)/(director) to URL"
"LOW","38babe21-d89b-4ccc-be5b-4d2d39c48f2b","Prema",0,"disambig_needed","Disambiguation page - needs (actor)/(actress)/(director) suffix","https://en.wikipedia.org/wiki/Prema","Add (actor)/(actress)/(director) to URL"
"LOW","0569f627-54cb-4f11-8e24-2b728212010c","Tulasi",0,"disambig_needed","Disambiguation page - needs (actor)/(actress)/(director) suffix","https://en.wikipedia.org/wiki/Tulasi","Add (actor)/(actress)/(director) to URL"
"LOW","6663a53b-0dfa-4b4b-932a-c43aafb6f9a4","Kaveri",0,"disambig_needed","Disambiguation page - needs (actor)/(actress)/(director) suffix","https://en.wikipedia.org/wiki/Kaveri","Add (actor)/(actress)/(director) to URL"
"LOW","45effd62-5135-4007-afc4-97902483ee09","Laya",0,"disambig_needed","Disambiguation page - needs (actor)/(actress)/(director) suffix","https://en.wikipedia.org/wiki/Laya","Add (actor)/(actress)/(director) to URL"
"LOW","e56a739b-c305-4fb6-a24e-f234f2661f92","Samyuktha",0,"disambig_needed","Disambiguation page - needs (actor)/(actress)/(director) suffix","https://en.wikipedia.org/wiki/Samyuktha","Add (actor)/(actress)/(director) to URL"
"LOW","0cc96e22-e034-4e72-a870-7aabcf7ab2dc","K. Murali Mohan",0,"not_found","Wikipedia page not found - may need alternate name/spelling","https://en.wikipedia.org/wiki/K._Murali_Mohan","Find correct Wikipedia name/spelling"
"LOW","cadde48f-2522-448d-9a76-14af321f247d","V. Ramachandra Rao",0,"not_found","Wikipedia page not found - may need alternate name/spelling","https://en.wikipedia.org/wiki/V._Ramachandra_Rao","Find correct Wikipedia name/spelling"
"LOW","274a17df-ae7e-4e58-8ee0-ff1eaee6c833","Bellamkonda Srinivas",0,"not_found","Wikipedia page not found - may need alternate name/spelling","https://en.wikipedia.org/wiki/Bellamkonda_Srinivas","Find correct Wikipedia name/spelling"
"LOW","ee441731-3017-49d3-88ae-ff1a11f99d5b","Saritha",0,"disambig_needed","Disambiguation page - needs (actor)/(actress)/(director) suffix","https://en.wikipedia.org/wiki/Saritha","Add (actor)/(actress)/(director) to URL"
"LOW","6e26b333-73af-401d-ab8c-35fcbc15d928","Anandhi",0,"disambig_needed","Disambiguation page - needs (actor)/(actress)/(director) suffix","https://en.wikipedia.org/wiki/Anandhi","Add (actor)/(actress)/(director) to URL"
"LOW","09bb3e36-94a5-4372-9f44-0c6ac875bb0d","Ashwini",0,"disambig_needed","Disambiguation page - needs (actor)/(actress)/(director) suffix","https://en.wikipedia.org/wiki/Ashwini","Add (actor)/(actress)/(director) to URL"
"LOW","d434530d-44bb-4002-9ca4-9558f15d0a6e","Srikanth Meka",0,"not_found","Wikipedia page not found - may need alternate name/spelling","https://en.wikipedia.org/wiki/Srikanth_Meka","Find correct Wikipedia name/spelling"
"LOW","3f62e694-4a62-4c63-91b2-44eb59c6bc7f","Indraja",0,"disambig_needed","Disambiguation page - needs (actor)/(actress)/(director) suffix","https://en.wikipedia.org/wiki/Indraja","Add (actor)/(actress)/(director) to URL"
"LOW","1ae8b834-1ce2-4a1d-9070-a584ae2f10aa","Nandu Vijay Krishna",0,"not_found","Wikipedia page not found - may need alternate name/spelling","https://en.wikipedia.org/wiki/Nandu_Vijay_Krishna","Find correct Wikipedia name/spelling"
"LOW","1e8b3bef-5646-417d-9844-a5921c9e9866","Anusha",0,"disambig_needed","Disambiguation page - needs (actor)/(actress)/(director) suffix","https://en.wikipedia.org/wiki/Anusha","Add (actor)/(actress)/(director) to URL"
"LOW","2320d7a8-9fe9-4219-a2c8-2cfc5f478059","R. S. Prakash",0,"not_found","Wikipedia page not found - may need alternate name/spelling","https://en.wikipedia.org/wiki/R._S._Prakash","Find correct Wikipedia name/spelling"
"LOW","ec10df4d-efc7-4bde-a586-d079e0ccad1d","Veerabhadram",0,"not_found","Wikipedia page not found - may need alternate name/spelling","https://en.wikipedia.org/wiki/Veerabhadram","Find correct Wikipedia name/spelling"
"LOW","d99381d1-b5e7-41b3-8f82-426ff8f72416","Siva Nageshwara Rao",0,"not_found","Wikipedia page not found - may need alternate name/spelling","https://en.wikipedia.org/wiki/Siva_Nageshwara_Rao","Find correct Wikipedia name/spelling"
"LOW","ffbabfab-2a84-4b39-a54e-819f24c87a26","A. Chandra",0,"not_found","Wikipedia page not found - may need alternate name/spelling","https://en.wikipedia.org/wiki/A._Chandra","Find correct Wikipedia name/spelling"
"LOW","ad5a279c-d549-43cc-b050-b55e225dce44","Devi Prasad",0,"disambig_needed","Disambiguation page - needs (actor)/(actress)/(director) suffix","https://en.wikipedia.org/wiki/Devi_Prasad","Add (actor)/(actress)/(director) to URL"
"LOW","5113ea5f-7cbb-42a5-9aeb-a4a8d6b927a0","G. Ram Prasad",0,"not_found","Wikipedia page not found - may need alternate name/spelling","https://en.wikipedia.org/wiki/G._Ram_Prasad","Find correct Wikipedia name/spelling"
"LOW","ce50ce06-41d8-405a-8022-4e7583aa4ea8","Mohan Gandhi",0,"not_found","Wikipedia page not found - may need alternate name/spelling","https://en.wikipedia.org/wiki/Mohan_Gandhi","Find correct Wikipedia name/spelling"
"LOW","b62e3bcc-5640-4db5-9d24-ef25bec226a3","Madan",0,"disambig_needed","Disambiguation page - needs (actor)/(actress)/(director) suffix","https://en.wikipedia.org/wiki/Madan","Add (actor)/(actress)/(director) to URL"
"LOW","be1e9196-ba7b-4028-8df7-f5936605849f","Vikram Kumar",0,"disambig_needed","Disambiguation page - needs (actor)/(actress)/(director) suffix","https://en.wikipedia.org/wiki/Vikram_Kumar","Add (actor)/(actress)/(director) to URL"
"LOW","52292e26-0955-4978-8929-c09687e16ffb","Khushboo",0,"disambig_needed","Disambiguation page - needs (actor)/(actress)/(director) suffix","https://en.wikipedia.org/wiki/Khushboo","Add (actor)/(actress)/(director) to URL"
"LOW","ca7cc781-8ed0-4b31-bfbc-9fe8b2cbbcb1","Ali Basha",0,"not_found","Wikipedia page not found - may need alternate name/spelling","https://en.wikipedia.org/wiki/Ali_Basha","Find correct Wikipedia name/spelling"
"LOW","8b608479-b580-44f6-b6b3-81edfdea7889","Urvashi",0,"disambig_needed","Disambiguation page - needs (actor)/(actress)/(director) suffix","https://en.wikipedia.org/wiki/Urvashi","Add (actor)/(actress)/(director) to URL"
"LOW","30d83158-8474-41e0-9f8f-1dbc132a2136","Kavitha",0,"disambig_needed","Disambiguation page - needs (actor)/(actress)/(director) suffix","https://en.wikipedia.org/wiki/Kavitha","Add (actor)/(actress)/(director) to URL"
"LOW","fa416e09-3231-4962-9ac7-0461d4dbd468","Naresh Agastya",0,"not_found","Wikipedia page not found - may need alternate name/spelling","https://en.wikipedia.org/wiki/Naresh_Agastya","Find correct Wikipedia name/spelling"
"LOW","ab0e597a-5523-4c23-8449-bcf7e76ace93","Divya Vani",0,"not_found","Wikipedia page not found - may need alternate name/spelling","https://en.wikipedia.org/wiki/Divya_Vani","Find correct Wikipedia name/spelling"
"LOW","258ddfca-193c-4ec1-babc-f42ecbad95f0","Ravi Varma",0,"disambig_needed","Disambiguation page - needs (actor)/(actress)/(director) suffix","https://en.wikipedia.org/wiki/Ravi_Varma","Add (actor)/(actress)/(director) to URL"
"LOW","2d1aea0b-b2c0-4ac5-a046-d88b41131319","Thiruveer Reddy",0,"not_found","Wikipedia page not found - may need alternate name/spelling","https://en.wikipedia.org/wiki/Thiruveer_Reddy","Find correct Wikipedia name/spelling"
"LOW","71419a4a-bcfe-4073-bced-45f7b1b96999","Swetaa Varma",0,"not_found","Wikipedia page not found - may need alternate name/spelling","https://en.wikipedia.org/wiki/Swetaa_Varma","Find correct Wikipedia name/spelling"
"LOW","e32fc180-3bd8-405c-a96b-5a74aef91b5c","Neha Solanki",0,"not_found","Wikipedia page not found - may need alternate name/spelling","https://en.wikipedia.org/wiki/Neha_Solanki","Find correct Wikipedia name/spelling"
"LOW","4e59545b-c075-4e13-8951-1c968b7b594b","Raashi Singh",0,"not_found","Wikipedia page not found - may need alternate name/spelling","https://en.wikipedia.org/wiki/Raashi_Singh","Find correct Wikipedia name/spelling"
"LOW","dfd3bd58-f844-402e-91c8-94f064185ea6","Priyanka Sharma",0,"not_found","Wikipedia page not found - may need alternate name/spelling","https://en.wikipedia.org/wiki/Priyanka_Sharma","Find correct Wikipedia name/spelling"
"LOW","4e703c38-2903-484e-9f58-2fbb6ae314a3","Sivaji Sontineni",0,"not_found","Wikipedia page not found - may need alternate name/spelling","https://en.wikipedia.org/wiki/Sivaji_Sontineni","Find correct Wikipedia name/spelling"
"LOW","e2e8e202-b77f-4664-8f09-842fd8c2c5de","Abhirami",0,"disambig_needed","Disambiguation page - needs (actor)/(actress)/(director) suffix","https://en.wikipedia.org/wiki/Abhirami","Add (actor)/(actress)/(director) to URL"
"LOW","90ebc80d-57e6-4aa8-a0b6-a31a8eab79cb","Jaishankar",0,"disambig_needed","Disambiguation page - needs (actor)/(actress)/(director) suffix","https://en.wikipedia.org/wiki/Jaishankar","Add (actor)/(actress)/(director) to URL"
"LOW","f58162ed-bf83-451c-bdea-9dde625e3dc0","Sasikumar",0,"disambig_needed","Disambiguation page - needs (actor)/(actress)/(director) suffix","https://en.wikipedia.org/wiki/Sasikumar","Add (actor)/(actress)/(director) to URL"
"LOW","717ee6aa-2986-4704-b134-ee342830c61c","Padmini",0,"disambig_needed","Disambiguation page - needs (actor)/(actress)/(director) suffix","https://en.wikipedia.org/wiki/Padmini","Add (actor)/(actress)/(director) to URL"
"LOW","a342635c-d668-4a1c-a69b-926d29772e3c","Nandita Raj",0,"not_found","Wikipedia page not found - may need alternate name/spelling","https://en.wikipedia.org/wiki/Nandita_Raj","Find correct Wikipedia name/spelling"
"LOW","32043db8-4b3d-44c4-9083-0335f1fd98d0","Rahul Sankrityan",0,"not_found","Wikipedia page not found - may need alternate name/spelling","https://en.wikipedia.org/wiki/Rahul_Sankrityan","Find correct Wikipedia name/spelling"
"LOW","10f6b25d-0425-4a54-98cf-b4903b1f6811","Krasna",0,"disambig_needed","Disambiguation page - needs (actor)/(actress)/(director) suffix","https://en.wikipedia.org/wiki/Krasna","Add (actor)/(actress)/(director) to URL"
"LOW","5e615def-8c31-4168-866c-0d1d12498396","KVAS",0,"disambig_needed","Disambiguation page - needs (actor)/(actress)/(director) suffix","https://en.wikipedia.org/wiki/KVAS","Add (actor)/(actress)/(director) to URL"
"LOW","818fc262-61fc-42d4-b4b4-c4c8742dba54","Camp Sasi",0,"not_found","Wikipedia page not found - may need alternate name/spelling","https://en.wikipedia.org/wiki/Camp_Sasi","Find correct Wikipedia name/spelling"
"LOW","8820cb2a-93bb-4ba0-b68b-ebdb6f76300c","Vasanthkumar Reddy",0,"not_found","Wikipedia page not found - may need alternate name/spelling","https://en.wikipedia.org/wiki/Vasanthkumar_Reddy","Find correct Wikipedia name/spelling"
"LOW","0784f93a-d6d8-46ee-9d7b-cee56b9223f2","Sharath",0,"disambig_needed","Disambiguation page - needs (actor)/(actress)/(director) suffix","https://en.wikipedia.org/wiki/Sharath","Add (actor)/(actress)/(director) to URL"
"LOW","85276bca-3260-4005-9a8f-92e4a9210d5b","BVS Rama Rao",0,"not_found","Wikipedia page not found - may need alternate name/spelling","https://en.wikipedia.org/wiki/BVS_Rama_Rao","Find correct Wikipedia name/spelling"
"LOW","68590785-ef0f-4b29-887a-751ce0d17af4","B Saroja Devi",0,"not_found","Wikipedia page not found - may need alternate name/spelling","https://en.wikipedia.org/wiki/B_Saroja_Devi","Find correct Wikipedia name/spelling"
"LOW","bc8e31b5-915b-443b-a5bc-5ea6cc5bb343","Rajashree",0,"disambig_needed","Disambiguation page - needs (actor)/(actress)/(director) suffix","https://en.wikipedia.org/wiki/Rajashree","Add (actor)/(actress)/(director) to URL"
"LOW","426019c4-e68a-492a-aa88-27cfc748dc0c","V.K. Prakash",0,"not_found","Wikipedia page not found - may need alternate name/spelling","https://en.wikipedia.org/wiki/V.K._Prakash","Find correct Wikipedia name/spelling"
"LOW","f424b7d3-ec8e-4582-80b2-86128875307a","Raja Babu",0,"disambig_needed","Disambiguation page - needs (actor)/(actress)/(director) suffix","https://en.wikipedia.org/wiki/Raja_Babu","Add (actor)/(actress)/(director) to URL"
"LOW","af965104-c4bf-48c3-9a77-2366b30758cf","S S Nayak",0,"not_found","Wikipedia page not found - may need alternate name/spelling","https://en.wikipedia.org/wiki/S_S_Nayak","Find correct Wikipedia name/spelling"
"LOW","e7ada5b2-1755-4c74-9b22-8ee82f5ac798","Roshan Kanakala",0,"not_found","Wikipedia page not found - may need alternate name/spelling","https://en.wikipedia.org/wiki/Roshan_Kanakala","Find correct Wikipedia name/spelling"
"LOW","51de8fd3-80fe-419a-b0fa-1a0fea8aa374","Shiva Krishna",0,"not_found","Wikipedia page not found - may need alternate name/spelling","https://en.wikipedia.org/wiki/Shiva_Krishna","Find correct Wikipedia name/spelling"
"LOW","49d00d99-4009-494b-9230-e10c1a0021d1","G Varalakshmi",0,"disambig_needed","Disambiguation page - needs (actor)/(actress)/(director) suffix","https://en.wikipedia.org/wiki/G_Varalakshmi","Add (actor)/(actress)/(director) to URL"
"LOW","fcd49d97-a189-452c-9b79-7a8c4310e559","M. Radhakrishnan",0,"not_found","Wikipedia page not found - may need alternate name/spelling","https://en.wikipedia.org/wiki/M._Radhakrishnan","Find correct Wikipedia name/spelling"